{"cameraMode":{"drawMode":0,"name":"Shaded","section":"Shading Mode"},"sceneLighting":true,"audioPlay":false,"sceneViewState":{"showFog":true,"showMaterialUpdate":false,"showSkybox":true,"showFlares":true,"showImageEffects":true,"showParticleSystems":true},"in2DMode":false,"pivot":{"x":-6.94442081451416,"y":5.634765625,"z":-4.256505012512207},"rotation":{"x":-0.0008290748810395598,"y":0.7222087383270264,"z":-0.6916806101799011,"w":-0.0008657926227897406},"size":556.7100219726563,"orthographic":false}